filename,path,size_mb,md5
Aarti_Jai_Jagdish_with_Full_Orchestra.wav,/content/Bhajan_stotram/audio/Aarti_Jai_Jagdish_with_Full_Orchestra.wav,54.59,e428f08e732a9574050e65081d407ffb
Abhirami_Andhadhi.wav,/content/Bhajan_stotram/audio/Abhirami_Andhadhi.wav,980.27,f162d72518e4d7fdff4bf37af6a53eab
Achyutam_Keshavam.wav,/content/Bhajan_stotram/audio/Achyutam_Keshavam.wav,556.67,6d5a1e4a6037dfe210d2ac00d16ceda4
Achyutashtakam.wav,/content/Bhajan_stotram/audio/Achyutashtakam.wav,5.05,7bf8b18a37961c203a379f1c2e6d1bec
Aditya_Hridayam.wav,/content/Bhajan_stotram/audio/Aditya_Hridayam.wav,81.75,83993c035f9997f6fd932842a11703aa
Aditya_Hridayam_Tamil.wav,/content/Bhajan_stotram/audio/Aditya_Hridayam_Tamil.wav,81.75,83993c035f9997f6fd932842a11703aa
Akathist_Hymn_Theotokos.wav,/content/Bhajan_stotram/audio/Akathist_Hymn_Theotokos.wav,18.36,48ac2fb9cc93c541b4e2a2b7244a68e6
Al_Fatiha_Recitation.wav,/content/Bhajan_stotram/audio/Al_Fatiha_Recitation.wav,12.45,54a4c776120cacded93df885eedc2687
Argala_Stotram.wav,/content/Bhajan_stotram/audio/Argala_Stotram.wav,5.05,a051524986a950a67980d85c4ec1fcb1
Ashem_Vohu_108.wav,/content/Bhajan_stotram/audio/Ashem_Vohu_108.wav,5.05,4b53a41477a4f0d8d41621be47c66297
Ave_Maria_Rosary.wav,/content/Bhajan_stotram/audio/Ave_Maria_Rosary.wav,661.16,13bc3ef44a248fe578714f79161210af
Bhu_Suktam.wav,/content/Bhajan_stotram/audio/Bhu_Suktam.wav,5.05,c8fdfb49bba296b2f0ce88d26b905560
Bon_Tantric_Drum_Chant.wav,/content/Bhajan_stotram/audio/Bon_Tantric_Drum_Chant.wav,5.05,8b15daffeca1fbc7c7a7807d3e3e54ab
Bwiti_Mvet_Chant.wav,/content/Bhajan_stotram/audio/Bwiti_Mvet_Chant.wav,5.05,2b359bbe579e5fba3acebe821ab06a0c
Carnatic_Bhajan_Tiruppugazh_Mridangam.wav,/content/Bhajan_stotram/audio/Carnatic_Bhajan_Tiruppugazh_Mridangam.wav,5.05,2a6206fec978a5c0a1d5993d595ecb15
Chandi_Path.wav,/content/Bhajan_stotram/audio/Chandi_Path.wav,1634.81,581c76be64f81041748be6d44209da78
Durga_Saptashloki.wav,/content/Bhajan_stotram/audio/Durga_Saptashloki.wav,33.25,0e77cf3eef596ca7a37071eb52a93218
Durga_Suktam.wav,/content/Bhajan_stotram/audio/Durga_Suktam.wav,36.25,6c6713de86abfc07f3a3d43d68de8bf7
Gathas_Ahunavaiti.wav,/content/Bhajan_stotram/audio/Gathas_Ahunavaiti.wav,5.05,c722f2e90953bb18ac58959d9074abbf
Gayatri_Mantra.wav,/content/Bhajan_stotram/audio/Gayatri_Mantra.wav,301.76,bd86a4bf0c853507f86474bf275fd484
Govind_Bolo_Hari_Gopal_Bolo.wav,/content/Bhajan_stotram/audio/Govind_Bolo_Hari_Gopal_Bolo.wav,104.22,926cc7b82f23917c3ddf57e6e59cb07f
Gregorian_Kyrie.wav,/content/Bhajan_stotram/audio/Gregorian_Kyrie.wav,85.21,87f8675203743e244d9ed11818eaa9e7
Hanuman_Chalisa.wav,/content/Bhajan_stotram/audio/Hanuman_Chalisa.wav,134.33,0df69ac0a58366af3a78209bce331588
Heart_Sutra_Chinese_Chanting.wav,/content/Bhajan_stotram/audio/Heart_Sutra_Chinese_Chanting.wav,35.04,2e5064354dcfb584ca53abd779b4b6d3
Hey_Nath_Tere_Kitne_Nam.wav,/content/Bhajan_stotram/audio/Hey_Nath_Tere_Kitne_Nam.wav,5.05,bfacd0a5800905b5b26b55d77a6229d9
Hopi_Rain_Song.wav,/content/Bhajan_stotram/audio/Hopi_Rain_Song.wav,5.05,8ca44f1d83db27d1d321b258f5d77ff2
Inuit_Throat_Singing_Katajjaq.wav,/content/Bhajan_stotram/audio/Inuit_Throat_Singing_Katajjaq.wav,5.05,d237ff3edf8edb695539492045c4ad46
Jai_Ambe_Gauri.wav,/content/Bhajan_stotram/audio/Jai_Ambe_Gauri.wav,54.93,51177beab26f9c7d8fe00f946f2bb86d
Jai_Ganesh_Jai_Ganesh_Deva.wav,/content/Bhajan_stotram/audio/Jai_Ganesh_Jai_Ganesh_Deva.wav,50.57,21c9f0a945135cdbe771c54286891740
Jai_Ho_Ganesh_Deva.wav,/content/Bhajan_stotram/audio/Jai_Ho_Ganesh_Deva.wav,43.89,034c4d40c97c81a7e8d292485d344823
Japji_Sahib.wav,/content/Bhajan_stotram/audio/Japji_Sahib.wav,194.59,bb5ebc9ef889addc229a24bf6c020fda
Jesus_Prayer_Hesychast.wav,/content/Bhajan_stotram/audio/Jesus_Prayer_Hesychast.wav,84.23,0267de98d1022e0ff709c2fdf41a31a9
Kaddish_Prayer.wav,/content/Bhajan_stotram/audio/Kaddish_Prayer.wav,50.97,105130bc8b088ab1e6bdec5e03f8bfd7
Kagura_Sacred_Dance_Chant.wav,/content/Bhajan_stotram/audio/Kagura_Sacred_Dance_Chant.wav,5.05,81c544ac79b8a49325e33eaeea970c83
Kanakadhara_Stotram.wav,/content/Bhajan_stotram/audio/Kanakadhara_Stotram.wav,106.69,ac559c140af751d1be08c87a1dee7585
Kanda_Sashti_Kavasam.wav,/content/Bhajan_stotram/audio/Kanda_Sashti_Kavasam.wav,223.58,bcff3bf886d3ac2b3bbfc3ba12bcbd07
Kavadi_Chindu_Murugan.wav,/content/Bhajan_stotram/audio/Kavadi_Chindu_Murugan.wav,5.05,5cf98295695aeac4d5ce1c4e7b6c999b
Kirtan_Asa_Di_Var.wav,/content/Bhajan_stotram/audio/Kirtan_Asa_Di_Var.wav,545.55,26bf1e43bd404d0aa822e826c5f03a0e
Kyrie_Eleison_Byzantine.wav,/content/Bhajan_stotram/audio/Kyrie_Eleison_Byzantine.wav,2009.52,4f866e98003e4a4eee016aad1bd30877
Lakota_Sun_Dance_Song.wav,/content/Bhajan_stotram/audio/Lakota_Sun_Dance_Song.wav,5.05,ac3353829dda3dffaf340de17a3951e9
Lalita_Sahasranamam.wav,/content/Bhajan_stotram/audio/Lalita_Sahasranamam.wav,302.64,4b63f6410437946cd048c965aaa99fa0
Lingashtakam.wav,/content/Bhajan_stotram/audio/Lingashtakam.wav,38.98,1bae158f5f591bcd7cad18dac5a2fa25
Maa_Baglamukhi_Mantra.wav,/content/Bhajan_stotram/audio/Maa_Baglamukhi_Mantra.wav,442.38,eee9b33384ed60dfc91d7e0b1ff413bf
Mahalakshmi_Ashtakam.wav,/content/Bhajan_stotram/audio/Mahalakshmi_Ashtakam.wav,24.08,9bd9f1ba18aeb4a5aba6f76015057101
Mahamrityunjaya_Mantra.wav,/content/Bhajan_stotram/audio/Mahamrityunjaya_Mantra.wav,333.81,2bbd09922f18ad83ffc666610ddd4e79
Meenakshi_Pancharatnam.wav,/content/Bhajan_stotram/audio/Meenakshi_Pancharatnam.wav,5.05,58d872a34419b3023a66fbc58c8fb534
Mere_Ghat_Ko_Banao.wav,/content/Bhajan_stotram/audio/Mere_Ghat_Ko_Banao.wav,400.59,587dfc6f3db0778255d4cb1d44d98d03
Mi_kagura_Shinto_Court_Music.wav,/content/Bhajan_stotram/audio/Mi_kagura_Shinto_Court_Music.wav,5.05,62864717a1442ebf545d56c0cf35a176
Mool_Mantar_108.wav,/content/Bhajan_stotram/audio/Mool_Mantar_108.wav,5.05,b15c59ccd1f301b7a55ddbd1a2f154e2
Muthu_Kumara_Swami.wav,/content/Bhajan_stotram/audio/Muthu_Kumara_Swami.wav,489.16,00292180a623588d556d0417e0538f37
Namo_Amituofo.wav,/content/Bhajan_stotram/audio/Namo_Amituofo.wav,109.83,8d6a62b208f7e81308c9ff58f37cb8c7
Narayana_Suktam.wav,/content/Bhajan_stotram/audio/Narayana_Suktam.wav,49.23,c6e1ffe42f2b0e727e96d23c5f43041e
Navajo_Night_Chant_Yeibichai.wav,/content/Bhajan_stotram/audio/Navajo_Night_Chant_Yeibichai.wav,5.05,00812f48bae6d219cfecc1cf6612d253
Ngoma_Healing_Drum_Chant.wav,/content/Bhajan_stotram/audio/Ngoma_Healing_Drum_Chant.wav,5.05,f1995b986696032a0177215de5ba5fd2
Niggun_Chabad.wav,/content/Bhajan_stotram/audio/Niggun_Chabad.wav,479.96,3284819f753ae182281de113a47b07b8
Nirvana_Shatakam.wav,/content/Bhajan_stotram/audio/Nirvana_Shatakam.wav,5.05,079dc9f4f9822ee99491badd98a790ee
Norito_Oharae_Kotoba.wav,/content/Bhajan_stotram/audio/Norito_Oharae_Kotoba.wav,5.05,d2b65d7f5aeb30741bb8316638859f4d
Nyahbinghi_Groundation_Chant.wav,/content/Bhajan_stotram/audio/Nyahbinghi_Groundation_Chant.wav,74.02,3d783c280658d277004677243d29483d
Om_Hreem_Kleem_Tripura_Mantra.wav,/content/Bhajan_stotram/audio/Om_Hreem_Kleem_Tripura_Mantra.wav,2871.32,f7426344e77db3fa4759324c92d999f8
Om_Jai_Jagdish_Hare.wav,/content/Bhajan_stotram/audio/Om_Jai_Jagdish_Hare.wav,47.66,fbb9c1590b1b8508bf77475d0f49ba9d
Om_Ma_Tri_Mu_Ye_Sa_Le_Du.wav,/content/Bhajan_stotram/audio/Om_Ma_Tri_Mu_Ye_Sa_Le_Du.wav,118.19,25f275c2ede9e8da9210f3b4a841d555
Om_Mani_Padme_Hum.wav,/content/Bhajan_stotram/audio/Om_Mani_Padme_Hum.wav,352.91,548aa8f92c4573269f20256ca7e9e811
Om_Namah_Shivaya_Tabla_Kirtan.wav,/content/Bhajan_stotram/audio/Om_Namah_Shivaya_Tabla_Kirtan.wav,85.0,4564cf4eadd405e1684dc9b8ca207b30
Pali_Metta_Sutta.wav,/content/Bhajan_stotram/audio/Pali_Metta_Sutta.wav,35.49,5f789452acfb7832e511d18932c569fc
Polyeleos_Psalm_134_Byzantine.wav,/content/Bhajan_stotram/audio/Polyeleos_Psalm_134_Byzantine.wav,5.05,f32d4740830af3392f58c3952fca3f0e
Purusha_Suktam.wav,/content/Bhajan_stotram/audio/Purusha_Suktam.wav,67.35,ded81186de22009f0db6a73407e528d4
Qawwali_Ya_Ali_Madad.wav,/content/Bhajan_stotram/audio/Qawwali_Ya_Ali_Madad.wav,178.09,bff64ced70129a8d3f3691f14f5e4629
Raghupati_Raghava_Raja_Ram.wav,/content/Bhajan_stotram/audio/Raghupati_Raghava_Raja_Ram.wav,85.94,cf8a626f6ce4fe88971d5c3443c3ddc6
Rastafari_Groundation_Psalm.wav,/content/Bhajan_stotram/audio/Rastafari_Groundation_Psalm.wav,5.05,a53cf9dc050023422db5f10613f1365a
Rastafari_Psalm_Chant_Ises.wav,/content/Bhajan_stotram/audio/Rastafari_Psalm_Chant_Ises.wav,5.05,83600ed3d90d33316ec045b72bb8859b
Rastafari_Reasoning_Circle_Chant.wav,/content/Bhajan_stotram/audio/Rastafari_Reasoning_Circle_Chant.wav,5.05,93c755ec602b5f02aa739137c0e85e07
Rudra_Suktam.wav,/content/Bhajan_stotram/audio/Rudra_Suktam.wav,5.05,d4c081471563b5fa2481178d57c6f25a
Rudrashtakam.wav,/content/Bhajan_stotram/audio/Rudrashtakam.wav,57.88,c9f6b22cb5cec409b9ad72ce9640de27
Rumi_Ney_Chant_Beshno.wav,/content/Bhajan_stotram/audio/Rumi_Ney_Chant_Beshno.wav,5.05,4ee188d15459789b71d36c95c187d41b
San_Bushman_Healing_Song.wav,/content/Bhajan_stotram/audio/San_Bushman_Healing_Song.wav,26.65,2c10a25b077231c3c8ad91e8205c8d6a
Sang_Offering_Chant.wav,/content/Bhajan_stotram/audio/Sang_Offering_Chant.wav,380.68,6b092ff2397cdec731f4b6b288738119
Shema_Yisrael.wav,/content/Bhajan_stotram/audio/Shema_Yisrael.wav,50.97,105130bc8b088ab1e6bdec5e03f8bfd7
Shinto_Tamagushi_Offering_Chant.wav,/content/Bhajan_stotram/audio/Shinto_Tamagushi_Offering_Chant.wav,5.05,9a7a5f05dca92aed614d1f34534ec735
Shiv_Panchakshara_Stotram.wav,/content/Bhajan_stotram/audio/Shiv_Panchakshara_Stotram.wav,52.54,0adeb008ff647ede94fc8d00b22c353f
Shiva_Damroo_Dhwani_Bhajan.wav,/content/Bhajan_stotram/audio/Shiva_Damroo_Dhwani_Bhajan.wav,5.05,26f2f37d3585e3d29aa3168b2eee8fef
Shiva_Puja_Abhisheka_Damroo_Chant.wav,/content/Bhajan_stotram/audio/Shiva_Puja_Abhisheka_Damroo_Chant.wav,5.01,a69ca027016078d167999695c8e10400
Shiva_Tandava_Stotram.wav,/content/Bhajan_stotram/audio/Shiva_Tandava_Stotram.wav,65.56,40859228054827d6274f5d0a7ccfe25b
Shree_Ram_Jai_Ram_Kirtan.wav,/content/Bhajan_stotram/audio/Shree_Ram_Jai_Ram_Kirtan.wav,54.86,fc932c62a133c7f94c7b5282334f2c30
Shri_Rudram_Chamakam.wav,/content/Bhajan_stotram/audio/Shri_Rudram_Chamakam.wav,182.93,6e782f10a8a5e34304adf5a4cbea7c8e
Siva_Puranam.wav,/content/Bhajan_stotram/audio/Siva_Puranam.wav,89.71,3bfa3776169cac0bdd4d6b159377566e
Sivan_Vandana_Tamil.wav,/content/Bhajan_stotram/audio/Sivan_Vandana_Tamil.wav,5.05,aa1dfa879c8c74f0833da8a05908f642
Soundarya_Lahari.wav,/content/Bhajan_stotram/audio/Soundarya_Lahari.wav,5.05,29d3c8a04ef8204515c3a81150603a1d
Sri_Suktam.wav,/content/Bhajan_stotram/audio/Sri_Suktam.wav,208.79,bc8aefb82cf499efd18b9bbde1a6189b
Subhanallah_Dhikr.wav,/content/Bhajan_stotram/audio/Subhanallah_Dhikr.wav,255.6,222963c6fd3abfca5b6913edd6d6f467
Sufi_Whirling_Chant_Mevlevi.wav,/content/Bhajan_stotram/audio/Sufi_Whirling_Chant_Mevlevi.wav,5.05,93a1e691761344dec47c294c9f4462b3
Sukhmani_Sahib_Paath.wav,/content/Bhajan_stotram/audio/Sukhmani_Sahib_Paath.wav,5.05,331a8013f82151f16dab451c908c21e9
Surah_Ar_Rahman_Recitation.wav,/content/Bhajan_stotram/audio/Surah_Ar_Rahman_Recitation.wav,5.05,ee3d4d29bd881dcfabfb32dc725e2129
Taoist_Fu_Breathing_Meditation.wav,/content/Bhajan_stotram/audio/Taoist_Fu_Breathing_Meditation.wav,5.21,bc742d9f7b384819897bc662adfb07e8
Taoist_Incense_Offering_Chant.wav,/content/Bhajan_stotram/audio/Taoist_Incense_Offering_Chant.wav,5.05,c038e6d21fb17b3e59413882965984ec
Taoist_Morning_Liturgy_Huangjing.wav,/content/Bhajan_stotram/audio/Taoist_Morning_Liturgy_Huangjing.wav,5.05,54f81a7877afc47607a2a5b497231aa7
Thiruppavai.wav,/content/Bhajan_stotram/audio/Thiruppavai.wav,701.45,a93f1415c8111c97b240ed3ff2691a57
Thiruvempavai.wav,/content/Bhajan_stotram/audio/Thiruvempavai.wav,482.64,436e8829ae4e28110246fef79f3ddcc4
Trisagion_Byzantine.wav,/content/Bhajan_stotram/audio/Trisagion_Byzantine.wav,5.05,ac1c5128e6930c8f37e1d89182d1b4bb
Vaishnav_Jan_To.wav,/content/Bhajan_stotram/audio/Vaishnav_Jan_To.wav,73.52,186685a4134d3e23f5762f34be53ccf5
Vinayagar_Agaval.wav,/content/Bhajan_stotram/audio/Vinayagar_Agaval.wav,92.5,65dfa71a336a9baca8b66f22824e88ea
Vishnu_Sahasranamam.wav,/content/Bhajan_stotram/audio/Vishnu_Sahasranamam.wav,326.99,7eded05049936572f5c06589f92b60dd
Yasna_Ha_28 (1).wav,/content/Bhajan_stotram/audio/Yasna_Ha_28 (1).wav,5.05,852dc4ddf3688773bac2fd795ccb4d52
Yasna_Ha_28.wav,/content/Bhajan_stotram/audio/Yasna_Ha_28.wav,5.05,852dc4ddf3688773bac2fd795ccb4d52
Yatha_Ahu_Vairyo_Prayer.wav,/content/Bhajan_stotram/audio/Yatha_Ahu_Vairyo_Prayer.wav,65.99,f468148552c361e907a4dd8e7d89792d
Yoruba_Orisha_Praise_Song.wav,/content/Bhajan_stotram/audio/Yoruba_Orisha_Praise_Song.wav,5.05,0474dd8558cf68ddab8636b6c92e7ba0
Zhang_Zhung_Mantra_A.wav,/content/Bhajan_stotram/audio/Zhang_Zhung_Mantra_A.wav,5.05,607b651200e4f2ce80968e3c540d8c0c
Zikr_Allah_Hu.wav,/content/Bhajan_stotram/audio/Zikr_Allah_Hu.wav,64.62,37d6cfb6c846d0fafe000c25d693879a
